{"cameraMode":{"drawMode":0,"name":"Shaded","section":"Shading Mode"},"sceneLighting":false,"audioPlay":false,"sceneViewState":{"m_AlwaysRefresh":false,"showFog":true,"showSkybox":false,"showFlares":true,"showImageEffects":true,"showParticleSystems":true,"showVisualEffectGraphs":true,"m_FxEnabled":true},"in2DMode":false,"pivot":{"x":6.699999809265137,"y":5.849999904632568,"z":-5.157999515533447},"rotation":{"x":-0.038987502455711368,"y":-0.011685899458825589,"z":0.00045108646736480296,"w":-0.9991768002510071},"size":16.98371696472168,"orthographic":true}