{"cameraMode":{"drawMode":0,"name":"Shaded","section":"Shading Mode"},"sceneLighting":true,"audioPlay":false,"sceneViewState":{"m_AlwaysRefresh":false,"showFog":true,"showSkybox":true,"showFlares":true,"showImageEffects":true,"showParticleSystems":true,"showVisualEffectGraphs":true,"m_FxEnabled":true},"in2DMode":false,"pivot":{"x":-4.483636856079102,"y":4.168853282928467,"z":0.764458417892456},"rotation":{"x":-0.07641825824975968,"y":0.013764082454144955,"z":-0.0010607412550598384,"w":-0.9969855546951294},"size":6.847833633422852,"orthographic":true}